id,label
kana_0002.jpg,1
kana_0007.jpg,1
kana_0010.jpg,1
kana_0011.jpg,1
kana_0012.jpg,1
kana_0013.jpg,1
kana_0019.jpg,1
kana_0022.jpg,1
kana_0024.jpg,1
kana_0025.jpg,1
kana_0026.jpg,1
kana_0028.jpg,1
kana_0030.jpg,1
kana_0035.jpg,1
kana_0037.jpg,1
kana_0039.jpg,1
kana_0041.jpg,1
kana_0042.jpg,1
kana_0043.jpg,1
kana_0044.jpg,1
kana_0046.jpg,1
kana_0047.jpg,1
kana_0049.jpg,1
kana_0050.jpg,1
kana_0053.jpg,1
kana_0054.jpg,1
kana_0055.jpg,1
kana_0059.jpg,1
kana_0060.jpg,1
kana_0061.jpg,1
kana_0062.jpg,1
kana_0063.jpg,1
kana_0064.jpg,1
kana_0065.jpg,1
kana_0066.jpg,1
kana_0067.jpg,1
kana_0068.jpg,1
kana_0069.jpg,1
kana_0071.jpg,1
kana_0072.jpg,1
kana_0076.jpg,1
kana_0077.jpg,1
kana_0078.jpg,1
kana_0079.jpg,1
kana_0081.jpg,1
kana_0083.jpg,1
kana_0085.jpg,1
kana_0087.jpg,1
kana_0088.jpg,1
kana_0089.jpg,1
kana_0090.jpg,1
kana_0092.jpg,1
kana_0095.jpg,1
kana_0096.jpg,1
kana_0098.jpg,1
kana_0103.jpg,1
kana_0110.jpg,1
kana_0111.jpg,1
kana_0112.jpg,1
kana_0113.jpg,1
kana_0114.jpg,1
kana_0115.jpg,1
kana_0118.jpg,1
kana_0119.jpg,1
kana_0123.jpg,1
kana_0124.jpg,1
kana_0126.jpg,1
kana_0129.jpg,1
kana_0130.jpg,1
kana_0131.jpg,1
kana_0138.jpg,1
kana_0140.jpg,1
kana_0142.jpg,1
kana_0143.jpg,1
kana_0144.jpg,1
kana_0146.jpg,1
kana_0147.jpg,1
kana_0148.jpg,1
kana_0149.jpg,1
kana_0150.jpg,1
kana_0153.jpg,1
kana_0154.jpg,1
kana_0155.jpg,1
kana_0159.jpg,1
kana_0160.jpg,1
kana_0162.jpg,1
kana_0163.jpg,1
kana_0167.jpg,1
kana_0168.jpg,1
kana_0169.jpg,1
kana_0170.jpg,1
kana_0171.jpg,1
kana_0172.jpg,1
kana_0174.jpg,1
kana_0177.jpg,1
kana_0178.jpg,1
kana_0191.jpg,1
kana_0192.jpg,1
kana_0193.jpg,1
kana_0198.jpg,1
kana_0201.jpg,1
kana_0208.jpg,1
kana_0215.jpg,1
kana_0218.jpg,1
kana_0219.jpg,1
kana_0220.jpg,1
kana_0223.jpg,1
kana_0224.jpg,1
kana_0228.jpg,1
kana_0240.jpg,1
kana_0242.jpg,1
kana_0243.jpg,1
kana_0245.jpg,1
kana_0251.jpg,1
kana_0252.jpg,1
kana_0257.jpg,1
kana_0259.jpg,1
kana_0261.jpg,1
kana_0278.jpg,1
kana_0282.jpg,1
kana_0287.jpg,1
kana_0289.jpg,1
kana_0293.jpg,1
kana_0298.jpg,1
kana_0303.jpg,1
kana_0306.jpg,1
kana_0315.jpg,1
kana_0316.jpg,1
kana_0318.jpg,1
kana_0319.jpg,1
kana_0320.jpg,1
kana_0321.jpg,1
kana_0324.jpg,1
kana_0325.jpg,1
kana_0326.jpg,1
kana_0328.jpg,1
kana_0329.jpg,1
kana_0339.jpg,1
kana_0340.jpg,1
kana_0341.jpg,1
kana_0344.jpg,1
kana_0345.jpg,1
kana_0347.jpg,1
kana_0349.jpg,1
kana_0350.jpg,1
kana_0354.jpg,1
kana_0356.jpg,1
kana_0357.jpg,1
kana_0361.jpg,1
kana_0362.jpg,1
kana_0365.jpg,1
kana_0366.jpg,1
kana_0368.jpg,1
kana_0371.jpg,1
kana_0373.jpg,1
kana_0375.jpg,1
kana_0377.jpg,1
kana_0380.jpg,1
kana_0384.jpg,1
kana_0386.jpg,1
kana_0387.jpg,1
kana_0389.jpg,1
kana_0390.jpg,1
kana_0393.jpg,1
kana_0396.jpg,1
mana_0001.jpg,0
mana_0002.jpg,0
mana_0003.jpg,0
mana_0006.jpg,0
mana_0007.jpg,0
mana_0008.jpg,0
mana_0009.jpg,0
mana_0012.jpg,0
mana_0015.jpg,0
mana_0017.jpg,0
mana_0020.jpg,0
mana_0022.jpg,0
mana_0024.jpg,0
mana_0025.jpg,0
mana_0027.jpg,0
mana_0028.jpg,0
mana_0031.jpg,0
mana_0037.jpg,0
mana_0039.jpg,0
mana_0040.jpg,0
mana_0041.jpg,0
mana_0044.jpg,0
mana_0045.jpg,0
mana_0046.jpg,0
mana_0047.jpg,0
mana_0050.jpg,0
mana_0051.jpg,0
mana_0055.jpg,0
mana_0056.jpg,0
mana_0057.jpg,0
mana_0058.jpg,0
mana_0064.jpg,0
mana_0066.jpg,0
mana_0068.jpg,0
mana_0072.jpg,0
mana_0073.jpg,0
mana_0075.jpg,0
mana_0076.jpg,0
mana_0077.jpg,0
mana_0078.jpg,0
mana_0079.jpg,0
mana_0083.jpg,0
mana_0084.jpg,0
mana_0085.jpg,0
mana_0086.jpg,0
mana_0090.jpg,0
mana_0091.jpg,0
mana_0095.jpg,0
mana_0096.jpg,0
mana_0098.jpg,0
mana_0100.jpg,0
mana_0105.jpg,0
mana_0109.jpg,0
mana_0110.jpg,0
mana_0111.jpg,0
mana_0116.jpg,0
mana_0122.jpg,0
mana_0128.jpg,0
mana_0131.jpg,0
mana_0132.jpg,0
mana_0134.jpg,0
mana_0141.jpg,0
mana_0143.jpg,0
mana_0144.jpg,0
mana_0155.jpg,0
mana_0159.jpg,0
mana_0160.jpg,0
mana_0161.jpg,0
mana_0173.jpg,0
mana_0175.jpg,0
mana_0176.jpg,0
mana_0181.jpg,0
mana_0182.jpg,0
mana_0183.jpg,0
mana_0190.jpg,0
mana_0192.jpg,0
mana_0195.jpg,0
mana_0196.jpg,0
mana_0199.jpg,0
mana_0205.jpg,0
mana_0211.jpg,0
mana_0213.jpg,0
mana_0214.jpg,0
mana_0226.jpg,0
mana_0227.jpg,0
mana_0228.jpg,0
mana_0237.jpg,0
mana_0239.jpg,0
mana_0241.jpg,0
mana_0242.jpg,0
mana_0243.jpg,0
mana_0244.jpg,0
mana_0245.jpg,0
mana_0246.jpg,0
mana_0248.jpg,0
mana_0253.jpg,0
mana_0254.jpg,0
mana_0256.jpg,0
mana_0257.jpg,0
mana_0260.jpg,0
mana_0261.jpg,0
mana_0263.jpg,0
mana_0265.jpg,0
mana_0270.jpg,0
mana_0272.jpg,0
mana_0276.jpg,0
mana_0277.jpg,0
mana_0281.jpg,0
mana_0289.jpg,0
mana_0295.jpg,0
mana_0297.jpg,0
mana_0300.jpg,0
mana_0303.jpg,0
mana_0304.jpg,0
mana_0306.jpg,0
mana_0307.jpg,0
mana_0308.jpg,0
mana_0309.jpg,0
mana_0316.jpg,0
mana_0318.jpg,0
mana_0320.jpg,0
mana_0323.jpg,0
mana_0325.jpg,0
mana_0327.jpg,0
mana_0328.jpg,0
mana_0329.jpg,0
mana_0331.jpg,0
mana_0333.jpg,0
mana_0334.jpg,0
mana_0335.jpg,0
mana_0340.jpg,0
mana_0342.jpg,0
mana_0343.jpg,0
mana_0344.jpg,0
mana_0350.jpg,0
mana_0352.jpg,0
mana_0353.jpg,0
mana_0355.jpg,0
mana_0358.jpg,0
mana_0360.jpg,0
mana_0361.jpg,0
mana_0362.jpg,0
mana_0363.jpg,0
mana_0365.jpg,0
mana_0366.jpg,0
mana_0370.jpg,0
mana_0372.jpg,0
mana_0374.jpg,0
mana_0379.jpg,0
mana_0380.jpg,0
mana_0381.jpg,0
mana_0383.jpg,0
mana_0384.jpg,0
